,Title,Author,Publication Date
0,A Court of Silver Flames (A Court of Thorns and Roses Series #4),by Sarah J. Maas, (02/16/2021)
1,The Four Winds,by Kristin Hannah, (02/02/2021)
2,The Viscount Who Loved Me (Bridgerton Series #2) (With 2nd Epilogue),by Julia Quinn, (04/28/2015)
3,An Offer from a Gentleman (Bridgerton Series #3) (with 2nd Epilogue),by Julia Quinn, (08/25/2015)
4,"Jujutsu Kaisen, Vol. 2",by Gege Akutami, (02/04/2020)
5,Romancing Mister Bridgerton (Bridgerton Series #4) (With 2nd Epilogue),by Julia Quinn, (11/24/2015)
6,Just as I Am,by Cicely Tyson, (01/26/2021)
7,"World of Wonders: In Praise of Fireflies, Whale Sharks, and Other Astonishments (B&N Exclusive Gift Edition) (B&N Book of the Year)",by Aimee Nezhukumatathil, (12/02/2020)
8,They Both Die at the End,by Adam Silvera, (12/18/2018)
9,"Jujutsu Kaisen, Vol. 3",by Gege Akutami, (04/07/2020)
10,"To Sir Phillip, with Love (Bridgerton Series #5) (With 2nd Epilogue)",by Julia Quinn, (01/31/2017)
11,A Court of Thorns and Roses (A Court of Thorns and Roses Series #1),by Sarah J. Maas, (06/02/2020)
12,Firefly Lane,by Kristin Hannah, (01/06/2009)
13,The Sanatorium,by Sarah Pearse, (02/02/2021)
14,How to Avoid a Climate Disaster: The Solutions We Have and the Breakthroughs We Need,by Bill Gates, (02/16/2021)
15,"Horimiya, Vol. 1",by HERO, (10/27/2015)
16,The Song of Achilles,by Madeline Miller, (08/28/2012)
17,It's in His Kiss (Bridgerton Series #7) (With 2nd Epilogue),by Julia Quinn, (03/28/2017)
18,Eight Perfect Murders,by Peter Swanson, (01/26/2021)
19,The Sum of Us: What Racism Costs Everyone and How We Can Prosper Together,by Heather McGhee, (02/16/2021)
20,A Court of Wings and Ruin (A Court of Thorns and Roses Series #3),by Sarah J. Maas, (06/02/2020)
21,"Jujutsu Kaisen, Vol. 4",by Gege Akutami, (06/02/2020)
22,The Midnight Library,by Matt Haig, (09/29/2020)
23,We Were Liars,by E. Lockhart, (05/29/2018)
24,"Four Hundred Souls: A Community History of African America, 1619-2019",by Ibram X. Kendi, (02/02/2021)
25,The Invisible Life of Addie LaRue,by V. E. Schwab, (10/06/2020)
26,"Horimiya, Vol. 3",by HERO, (04/26/2016)
27,"Horimiya, Vol. 2",by HERO, (01/26/2016)
28,"Jujutsu Kaisen, Vol. 6",by Gege Akutami, (10/06/2020)
29,Think Again: The Power of Knowing What You Don't Know (Signed Book),by Adam Grant, (02/02/2021)
30,A Court of Mist and Fury (A Court of Thorns and Roses Series #2),by Sarah J. Maas, (06/02/2020)
31,"Jujutsu Kaisen, Vol. 1",by Gege Akutami, (12/03/2019)
32,"Jujutsu Kaisen, Vol. 5",by Gege Akutami, (08/04/2020)
33,A Court of Frost and Starlight (A Court of Thorns and Roses Series),by Sarah J. Maas, (06/02/2020)
34,Chain of Iron,by Cassandra Clare, (03/02/2021)
35,"Demon Slayer: Kimetsu no Yaiba, Vol. 8",by Koyoharu Gotouge, (09/03/2019)
36,The Paris Library,by Janet Skeslien Charles, (02/09/2021)
37,"What It's Like to Be a Bird: From Flying to Nesting, Eating to Singing--What Birds Are Doing, and Why",by David Allen Sibley, (04/14/2020)
38,The Desolations of Devil's Acre (Signed B&N Exclusive Book) (Miss Peregrine's Peculiar Children Series #6),by Ransom Riggs, (02/23/2021)
39,Tiny Beautiful Things: Advice on Love and Life from Dear Sugar,by Cheryl Strayed, (07/10/2012)
40,City Spies (City Spies Series #1),by James Ponti, (01/26/2021)
41,The Sum of Us: What Racism Costs Everyone and How We Can Prosper Together,by Heather McGhee, (02/16/2021)
42,The Hill We Climb: An Inaugural Poem for the Country,by Amanda Gorman, (03/30/2021)
43,The House in the Cerulean Sea,by TJ Klune, (12/29/2020)
44,Keep Sharp: Build a Better Brain at Any Age,by Sanjay Gupta M.D., (01/05/2021)
45,Rule of Wolves (B&N Exclusive Edition) (King of Scars Duology Series #2),by Leigh Bardugo, (03/30/2021)
46,A Good Girl's Guide to Murder,by Holly Jackson, (01/05/2021)
47,Circe,by Madeline Miller, (04/14/2020)
48,The Only Good Indians,by Stephen Graham Jones, (01/26/2021)
49,Jujutsu Kaisen 0,by Gege Akutami, (01/05/2021)
50,"Demon Slayer: Kimetsu no Yaiba, Vol. 4",by Koyoharu Gotouge, (01/01/2019)
51,The Duke and I (Bridgerton Series #1) (TV Tie-in),by Julia Quinn, (12/01/2020)
52,"The Boy, the Mole, the Fox and the Horse",by Charlie Mackesy, (10/22/2019)
53,A Rhythm of Prayer: A Collection of Meditations for Renewal,by Sarah Bessey, (02/09/2021)
54,"Jujutsu Kaisen, Vol. 8",by Gege Akutami, (02/02/2021)
55,Mothering Heights (B&N Exclusive Edition) (Dog Man Series #10),by Dav Pilkey, (03/23/2021)
56,The Vanishing Half,by Brit Bennett, (06/02/2020)
57,"Demon Slayer: Kimetsu no Yaiba, Vol. 9",by Koyoharu Gotouge, (11/05/2019)
58,"This Is Your Brain on Food: An Indispensable Guide to the Surprising Foods That Fight Depression, Anxiety, PTSD, OCD, ADHD, and More",by Uma Naidoo MD, (08/04/2020)
59,Klara and the Sun (Signed Book),by Kazuo Ishiguro, (03/02/2021)
60,Caste (Oprah's Book Club): The Origins of Our Discontents,by Isabel  Wilkerson, (08/04/2020)
61,"Dr. Kellyann's Bone Broth Diet: Lose Up to 15 Pounds, 4 Inches--and Your Wrinkles!--in Just 21 Days",by Kellyann Petrucci, (02/27/2018)
62,"My Hero Academia, Vol. 2",by Kohei Horikoshi, (11/03/2015)
63,"My Hero Academia, Vol. 1",by Kohei Horikoshi, (08/04/2015)
64,1984,by George Orwell, (07/01/1950)
65,Red Queen (Red Queen Series #1),by Victoria Aveyard, (06/07/2016)
66,Later,by Stephen King, (03/02/2021)
67,Nomadland: Surviving America in the Twenty-First Century,by Jessica Bruder, (09/04/2018)
68,The Dangerous Gift (B&N Exclusive Edition) (Wings of Fire Series #14),by Tui T. Sutherland, (03/02/2021)
69,Rich Dad Poor Dad: What the Rich Teach Their Kids About Money That the Poor and Middle Class Do Not!,by Robert T. Kiyosaki, (04/11/2017)
70,Six of Crows (Six of Crows Series #1),by Leigh Bardugo, (02/06/2018)
71,No Longer Human,"by Osamu Dazai,  Csamu Dazai", (01/17/1973)
72,"The Promised Neverland, Vol. 3","by Kaiu Shirai,  Posuka Demizu", (04/03/2018)
73,"The Promised Neverland, Vol. 1","by Kaiu Shirai,  Posuka Demizu", (12/05/2017)
74,"Toilet-bound Hanako-kun, Vol. 1",by AidaIro, (01/28/2020)
75,From Blood and Ash,by Jennifer L. Armentrout, (09/24/2020)
76,Walk in My Combat Boots: True Stories from America's Bravest Warriors,"by James Patterson,  Matt Eversmann", (02/08/2021)
77,Faithless in Death: An Eve Dallas Novel (In Death Series #52),by J. D. Robb, (02/09/2021)
78,"Demon Slayer: Kimetsu no Yaiba, Vol. 2",by Koyoharu Gotouge, (09/04/2018)
79,"Red, White & Royal Blue",by Casey McQuiston, (05/14/2019)
80,The Nightingale,by Kristin Hannah, (04/25/2017)
81,"Spy x Family, Vol. 1",by Tatsuya Endo, (06/02/2020)
82,The Russian (Michael Bennett Series #13),"by James Patterson,  James O. Born", (01/25/2021)
83,"The Promised Neverland, Vol. 2","by Kaiu Shirai,  Posuka Demizu", (02/06/2018)
84,Claudia and the New Girl (The Baby-sitters Club Graphic Novel #9),"by Ann M. Martin,  Gabriela Epstein", (02/02/2021)
85,The Seven Husbands of Evelyn Hugo,by Taylor Jenkins Reid, (05/29/2018)
86,"Tokyo Ghoul, Vol. 1",by Sui Ishida, (06/16/2015)
87,The Cruel Prince (Folk of the Air Series #1),by Holly Black, (12/04/2018)
88,"The Black Church: This Is Our Story, This Is Our Song",by Henry Louis Gates Jr., (02/16/2021)
89,"The Contagion Myth: Why Viruses (including ""Coronavirus"") Are Not the Cause of Disease","by Thomas S. Cowan MD,  Sally Fallon Morell", (09/29/2020)
90,All the Stars and Teeth,by Adalyn Grace, (01/26/2021)
91,Realm Breaker (Signed Book),by Victoria Aveyard, (05/04/2021)
92,Kingdom of the Wicked,"by Kerri Maniscalco,  Marisa Calin", (10/27/2020)
93,Plant Over Processed: 75 Simple & Delicious Plant-Based Recipes for Nourishing Your Body and Eating From the Earth,by Andrea Hannemann, (12/29/2020)
94,Lore,by Alexandra Bracken, (01/05/2021)
95,Legendborn,by Tracy Deonn, (09/15/2020)
96,The Glass Hotel: A novel,by Emily St. John Mandel, (02/16/2021)
97,Serpent & Dove (Serpent & Dove Series #1),by Shelby Mahurin, (08/04/2020)
98,"A Swim in a Pond in the Rain: In Which Four Russians Give a Master Class on Writing, Reading, and Life",by George Saunders, (01/12/2021)
99,"Demon Slayer: Kimetsu no Yaiba, Vol. 3",by Koyoharu Gotouge, (11/06/2018)
100,Between Two Kingdoms: A Memoir of a Life Interrupted,by Suleika Jaouad, (02/09/2021)
101,"Demon Slayer: Kimetsu no Yaiba, Vol. 20",by Koyoharu Gotouge, (02/02/2021)
102,The House in the Cerulean Sea,by TJ Klune, (12/29/2020)
103,The Desolations of Devil's Acre (Signed B&N Exclusive Book) (Miss Peregrine's Peculiar Children Series #6),by Ransom Riggs, (02/23/2021)
104,"The Body Keeps the Score: Brain, Mind, and Body in the Healing of Trauma",by Bessel van der Kolk M.D., (09/08/2015)
105,Six of Crows (Six of Crows Series #1),by Leigh Bardugo, (02/06/2018)
106,"Red, White & Royal Blue",by Casey McQuiston, (05/14/2019)
107,The Tale of the Mandarin Duck: A Modern Fable,by Bette Midler, (02/16/2021)
108,Nomadland: Surviving America in the Twenty-First Century,by Jessica Bruder, (09/04/2018)
109,Kingdom of the Wicked,"by Kerri Maniscalco,  Marisa Calin", (10/27/2020)
110,"Attack on Titan, Volume 1",by Hajime Isayama, (06/19/2012)
111,Realm Breaker (Signed Book),by Victoria Aveyard, (05/04/2021)
112,A Gambling Man (Signed Book),by David Baldacci, (04/20/2021)
113,The Dutch House: A Novel,by Ann Patchett, (01/05/2021)
114,Untamed,by Glennon Doyle, (03/10/2020)
115,Circe,by Madeline Miller, (04/14/2020)
116,"Horimiya, Vol. 1",by HERO, (10/27/2015)
117,From Blood and Ash,by Jennifer L. Armentrout, (09/24/2020)
118,Fly Away: A Novel,by Kristin Hannah, (03/25/2014)
119,All the Stars and Teeth,by Adalyn Grace, (01/26/2021)
120,A Court of Silver Flames (A Court of Thorns and Roses Series #4),by Sarah J. Maas, (02/16/2021)
121,A Court of Silver Flames (A Court of Thorns and Roses Series #4),by Sarah J. Maas, (02/16/2021)
122,The Viscount Who Loved Me (Bridgerton Series #2) (With 2nd Epilogue),by Julia Quinn, (04/28/2015)
123,The Four Winds,by Kristin Hannah, (02/02/2021)
124,"Jujutsu Kaisen, Vol. 2",by Gege Akutami, (02/04/2020)
125,An Offer from a Gentleman (Bridgerton Series #3) (with 2nd Epilogue),by Julia Quinn, (08/25/2015)
126,Romancing Mister Bridgerton (Bridgerton Series #4) (With 2nd Epilogue),by Julia Quinn, (11/24/2015)
127,Just as I Am,by Cicely Tyson, (01/26/2021)
128,"Jujutsu Kaisen, Vol. 3",by Gege Akutami, (04/07/2020)
129,Firefly Lane,by Kristin Hannah, (01/06/2009)
130,"To Sir Phillip, with Love (Bridgerton Series #5) (With 2nd Epilogue)",by Julia Quinn, (01/31/2017)
131,They Both Die at the End,by Adam Silvera, (12/18/2018)
132,"World of Wonders: In Praise of Fireflies, Whale Sharks, and Other Astonishments (B&N Exclusive Gift Edition) (B&N Book of the Year)",by Aimee Nezhukumatathil, (12/02/2020)
133,Eight Perfect Murders,by Peter Swanson, (01/26/2021)
134,A Court of Thorns and Roses (A Court of Thorns and Roses Series #1),by Sarah J. Maas, (06/02/2020)
135,How to Avoid a Climate Disaster: The Solutions We Have and the Breakthroughs We Need,by Bill Gates, (02/16/2021)
136,It's in His Kiss (Bridgerton Series #7) (With 2nd Epilogue),by Julia Quinn, (03/28/2017)
137,The Song of Achilles,by Madeline Miller, (08/28/2012)
138,On the Way to the Wedding (Bridgerton Series #8) (With 2nd Epilogue),by Julia Quinn, (04/25/2017)
139,The Sanatorium,by Sarah Pearse, (02/02/2021)
140,When He Was Wicked (Bridgerton Series #6) (With 2nd Epilogue),by Julia Quinn, (02/28/2017)
141,A Court of Wings and Ruin (A Court of Thorns and Roses Series #3),by Sarah J. Maas, (06/02/2020)
142,"Jujutsu Kaisen, Vol. 4",by Gege Akutami, (06/02/2020)
143,The Midnight Library,by Matt Haig, (09/29/2020)
144,We Were Liars,by E. Lockhart, (05/29/2018)
145,"Four Hundred Souls: A Community History of African America, 1619-2019",by Ibram X. Kendi, (02/02/2021)
146,The Invisible Life of Addie LaRue,by V. E. Schwab, (10/06/2020)
147,"Horimiya, Vol. 3",by HERO, (04/26/2016)
148,"Horimiya, Vol. 2",by HERO, (01/26/2016)
149,"Jujutsu Kaisen, Vol. 6",by Gege Akutami, (10/06/2020)
150,Think Again: The Power of Knowing What You Don't Know (Signed Book),by Adam Grant, (02/02/2021)
151,A Court of Mist and Fury (A Court of Thorns and Roses Series #2),by Sarah J. Maas, (06/02/2020)
152,"Jujutsu Kaisen, Vol. 1",by Gege Akutami, (12/03/2019)
153,"Jujutsu Kaisen, Vol. 5",by Gege Akutami, (08/04/2020)
154,A Court of Frost and Starlight (A Court of Thorns and Roses Series),by Sarah J. Maas, (06/02/2020)
155,Chain of Iron,by Cassandra Clare, (03/02/2021)
156,"Demon Slayer: Kimetsu no Yaiba, Vol. 8",by Koyoharu Gotouge, (09/03/2019)
157,The Paris Library,by Janet Skeslien Charles, (02/09/2021)
158,"What It's Like to Be a Bird: From Flying to Nesting, Eating to Singing--What Birds Are Doing, and Why",by David Allen Sibley, (04/14/2020)
159,The Desolations of Devil's Acre (Signed B&N Exclusive Book) (Miss Peregrine's Peculiar Children Series #6),by Ransom Riggs, (02/23/2021)
160,Tiny Beautiful Things: Advice on Love and Life from Dear Sugar,by Cheryl Strayed, (07/10/2012)
161,City Spies (City Spies Series #1),by James Ponti, (01/26/2021)
162,The Sum of Us: What Racism Costs Everyone and How We Can Prosper Together,by Heather McGhee, (02/16/2021)
163,The Hill We Climb: An Inaugural Poem for the Country,by Amanda Gorman, (03/30/2021)
164,The House in the Cerulean Sea,by TJ Klune, (12/29/2020)
165,Keep Sharp: Build a Better Brain at Any Age,by Sanjay Gupta M.D., (01/05/2021)
166,Rule of Wolves (B&N Exclusive Edition) (King of Scars Duology Series #2),by Leigh Bardugo, (03/30/2021)
167,A Good Girl's Guide to Murder,by Holly Jackson, (01/05/2021)
168,Circe,by Madeline Miller, (04/14/2020)
169,The Only Good Indians,by Stephen Graham Jones, (01/26/2021)
170,Jujutsu Kaisen 0,by Gege Akutami, (01/05/2021)
171,"Demon Slayer: Kimetsu no Yaiba, Vol. 4",by Koyoharu Gotouge, (01/01/2019)
172,The Duke and I (Bridgerton Series #1) (TV Tie-in),by Julia Quinn, (12/01/2020)
174,A Rhythm of Prayer: A Collection of Meditations for Renewal,by Sarah Bessey, (02/09/2021)
175,"Jujutsu Kaisen, Vol. 8",by Gege Akutami, (02/02/2021)
176,Mothering Heights (B&N Exclusive Edition) (Dog Man Series #10),by Dav Pilkey, (03/23/2021)
177,The Vanishing Half,by Brit Bennett, (06/02/2020)
178,"Demon Slayer: Kimetsu no Yaiba, Vol. 9",by Koyoharu Gotouge, (11/05/2019)
179,"This Is Your Brain on Food: An Indispensable Guide to the Surprising Foods That Fight Depression, Anxiety, PTSD, OCD, ADHD, and More",by Uma Naidoo MD, (08/04/2020)
180,Klara and the Sun (Signed Book),by Kazuo Ishiguro, (03/02/2021)
182,"Dr. Kellyann's Bone Broth Diet: Lose Up to 15 Pounds, 4 Inches--and Your Wrinkles!--in Just 21 Days",by Kellyann Petrucci, (02/27/2018)
183,"My Hero Academia, Vol. 2",by Kohei Horikoshi, (11/03/2015)
184,"My Hero Academia, Vol. 1",by Kohei Horikoshi, (08/04/2015)
185,1984,by George Orwell, (07/01/1950)
186,Red Queen (Red Queen Series #1),by Victoria Aveyard, (06/07/2016)
187,Later,by Stephen King, (03/02/2021)
188,Nomadland: Surviving America in the Twenty-First Century,by Jessica Bruder, (09/04/2018)
189,The Dangerous Gift (B&N Exclusive Edition) (Wings of Fire Series #14),by Tui T. Sutherland, (03/02/2021)
191,Six of Crows (Six of Crows Series #1),by Leigh Bardugo, (02/06/2018)
192,No Longer Human,"by Osamu Dazai,  Csamu Dazai", (01/17/1973)
193,"The Promised Neverland, Vol. 3","by Kaiu Shirai,  Posuka Demizu", (04/03/2018)
194,"The Promised Neverland, Vol. 1","by Kaiu Shirai,  Posuka Demizu", (12/05/2017)
195,"Toilet-bound Hanako-kun, Vol. 1",by AidaIro, (01/28/2020)
196,From Blood and Ash,by Jennifer L. Armentrout, (09/24/2020)
197,Walk in My Combat Boots: True Stories from America's Bravest Warriors,"by James Patterson,  Matt Eversmann", (02/08/2021)
198,Faithless in Death: An Eve Dallas Novel (In Death Series #52),by J. D. Robb, (02/09/2021)
199,"Demon Slayer: Kimetsu no Yaiba, Vol. 2",by Koyoharu Gotouge, (09/04/2018)
200,"Red, White & Royal Blue",by Casey McQuiston, (05/14/2019)
201,The Nightingale,by Kristin Hannah, (04/25/2017)
202,"Spy x Family, Vol. 1",by Tatsuya Endo, (06/02/2020)
203,The Russian (Michael Bennett Series #13),"by James Patterson,  James O. Born", (01/25/2021)
204,"The Promised Neverland, Vol. 2","by Kaiu Shirai,  Posuka Demizu", (02/06/2018)
205,Claudia and the New Girl (The Baby-sitters Club Graphic Novel #9),"by Ann M. Martin,  Gabriela Epstein", (02/02/2021)
206,The Seven Husbands of Evelyn Hugo,by Taylor Jenkins Reid, (05/29/2018)
207,"Tokyo Ghoul, Vol. 1",by Sui Ishida, (06/16/2015)
208,The Cruel Prince (Folk of the Air Series #1),by Holly Black, (12/04/2018)
209,"The Black Church: This Is Our Story, This Is Our Song",by Henry Louis Gates Jr., (02/16/2021)
210,"The Contagion Myth: Why Viruses (including ""Coronavirus"") Are Not the Cause of Disease","by Thomas S. Cowan MD,  Sally Fallon Morell", (09/29/2020)
211,All the Stars and Teeth,by Adalyn Grace, (01/26/2021)
212,Realm Breaker (Signed Book),by Victoria Aveyard, (05/04/2021)
213,Kingdom of the Wicked,"by Kerri Maniscalco,  Marisa Calin", (10/27/2020)
214,Plant Over Processed: 75 Simple & Delicious Plant-Based Recipes for Nourishing Your Body and Eating From the Earth,by Andrea Hannemann, (12/29/2020)
215,Lore,by Alexandra Bracken, (01/05/2021)
216,Legendborn,by Tracy Deonn, (09/15/2020)
217,The Glass Hotel: A novel,by Emily St. John Mandel, (02/16/2021)
218,Serpent & Dove (Serpent & Dove Series #1),by Shelby Mahurin, (08/04/2020)
219,"A Swim in a Pond in the Rain: In Which Four Russians Give a Master Class on Writing, Reading, and Life",by George Saunders, (01/12/2021)
220,"Demon Slayer: Kimetsu no Yaiba, Vol. 3",by Koyoharu Gotouge, (11/06/2018)
221,Between Two Kingdoms: A Memoir of a Life Interrupted,by Suleika Jaouad, (02/09/2021)
222,"Demon Slayer: Kimetsu no Yaiba, Vol. 20",by Koyoharu Gotouge, (02/02/2021)
223,The House in the Cerulean Sea,by TJ Klune, (12/29/2020)
224,The Desolations of Devil's Acre (Signed B&N Exclusive Book) (Miss Peregrine's Peculiar Children Series #6),by Ransom Riggs, (02/23/2021)
226,Six of Crows (Six of Crows Series #1),by Leigh Bardugo, (02/06/2018)
227,"Red, White & Royal Blue",by Casey McQuiston, (05/14/2019)
228,The Tale of the Mandarin Duck: A Modern Fable,by Bette Midler, (02/16/2021)
229,Nomadland: Surviving America in the Twenty-First Century,by Jessica Bruder, (09/04/2018)
230,Kingdom of the Wicked,"by Kerri Maniscalco,  Marisa Calin", (10/27/2020)
231,"Attack on Titan, Volume 1",by Hajime Isayama, (06/19/2012)
232,Realm Breaker (Signed Book),by Victoria Aveyard, (05/04/2021)
233,A Gambling Man (Signed Book),by David Baldacci, (04/20/2021)
234,The Dutch House: A Novel,by Ann Patchett, (01/05/2021)
236,Circe,by Madeline Miller, (04/14/2020)
237,"Horimiya, Vol. 1",by HERO, (10/27/2015)
238,From Blood and Ash,by Jennifer L. Armentrout, (09/24/2020)
239,Fly Away: A Novel,by Kristin Hannah, (03/25/2014)
240,All the Stars and Teeth,by Adalyn Grace, (01/26/2021)
